<html>
<head>

  <style>
  body {
    margin-left: 5px;
    font-family: -apple-system,BlinkMacSystemFont,"Segoe UI",Roboto,"Helvetica Neue",Arial,sans-serif,"Apple Color Emoji","Segoe UI Emoji","Segoe UI Symbol";
    font-size: 16px;
    font-weight: 400;
    line-height: 1.6;
    color: #212529;
    text-align: left;
    background-color: #fff;
  }
  table, th, td {
    border: none;
  }
  table {
    margin-bottom: 0.5em;
  }
  img {
    max-height: 80px;
    width: auto;
  }
  .droppable {
    height: 80px;
    min-width: 80px;
    display: inline-block;
    overflow: hidden;
  }
  .folder-link {
    height: 80px;
    display: table-cell;
    vertical-align: middle;
  }
  </style>
</head>
<body>

<h1>How do we manage multiple versions of data files?</h1>
<p>Before start working on this exercise, review the <a href="https://www.youtube.com/watch?v=3MEJ38BO6Mo">Data Management lecture</a>.</p> <p>This exercise requires you to organise the project folder in the best possible manner by dragging and dropping the files and folder into the correct space.</p>

<table>
  <thead>
    <tr>
      <th colspan="4">The "Big Picture" project</th>
    </tr>
  </thead>
  <tbody>
    <tr>
      <td><img src="/static/draganddrop-data-management/project_folder.png" alt=""/></td>
      <td></td>
      <td></td>
      <td></td>
    </tr>
    <tr>
      <td><img src="/static/draganddrop-data-management/link_folder2.png" alt=""/></td>
      <td>{source:}</td>
      <td><img src="/static/draganddrop-data-management/scripts.png" alt=""/></td>      
      <td></td>
    </tr>
    <tr>
      <td><img src="/static/draganddrop-data-management/link_folder2.png" alt=""/></td>
      <td>{experiments:}</td>
      <td><img src="/static/draganddrop-data-management/date_folder.png" alt=""/></td>      
      <td>{files:}</td>
    </tr>
    <tr>
      <td><img src="/static/draganddrop-data-management/link_folder.png" alt=""/></td>
      <td><img src="/static/draganddrop-data-management/data_folder.png" alt=""/></td>
      <td>{readme:}</td>      
      <td></td>
    </tr>
    <tr>
      <td></td>
      <td><img src="/static/draganddrop-data-management/link_folder.png" alt=""/></td> 
      <td>{date_folders:}</td>      
      <td>{files:}</td>
    </tr>
    <tr>
      <td></td>
      <td></td> 
      <td><img src="/static/draganddrop-data-management/link_folder.png" alt=""/></td>      
      <td>{readme:}</td>
    </tr>
  </tbody>
</table>

</body>
</html>
