{
    "draggables": {
      "source": {
        "content": "<img src=\"/static/draganddrop-data-management/src_folder.png\" alt=\"folder\">",
        "reuse": false,
        "feedback": {
          "folder": "Correct!, this folder contains the source files.",
          "DEFAULT": "This folder only contain the source files."
        }
      },
      "date_folder": {
        "content": "<img src=\"/static/draganddrop-data-management/date_folder.png\" alt=\"folder\">",
        "reuse": false,
        "feedback": {
          "folder": "Correct!, this folder contains information organised by date",
          "DEFAULT": "This folder contains information organised by date."
        }
      },
      "experiment": {
        "content": "<img src=\"/static/draganddrop-data-management/exp_folder.png\" alt=\"folder\">",
        "reuse": false,
        "feedback": {
          "folder": "Correct!, this folder contain the results of different experiments",
          "DEFAULT": "This folder contains the results of different experiments."
        }
      },
      "file": {
        "content": "<img src=\"/static/draganddrop-data-management/file.png\" alt=\"folder\">",
        "reuse": true,
        "feedback": {
          "folder": "Correct!, this is a group of files",
          "DEFAULT": "This is a list of different files."
        }
      },
      "readme": {
        "content": "<img src=\"/static/draganddrop-data-management/readme.png\" alt=\"folder\">",
        "reuse": true,
        "feedback": {
          "folder": "Correct!, This is a readme file",
          "DEFAULT": "This is a readme file that contains meta data.."
        }
      }
    },
    "droppables": {
      "source": {
        "correct":["source"]
      },
      "date_folders": {
        "correct":["date_folder"]
      },
      "experiments": {
        "correct":["experiment"]
      },
      "files": {
        "correct":["file"]
      },
      "readme": {
        "correct":["readme"]
      }
    }
  }
  